[
    {
        "result": "Maize",
        "update": "2026-09-30",
        "geom": [
            {
                "type": "MultiPolygon",
                "coordinates": [
                    [
                        [
                            [
                                101.05096388506155,
                                16.66030798257531
                            ],
                            [
                                101.05096773399556,
                                16.66066934350661
                            ],
                            [
                                101.05134261092056,
                                16.66066563295988
                            ],
                            [
                                101.05133876128426,
                                16.660304272113613
                            ],
                            [
                                101.05096388506155,
                                16.66030798257531
                            ]
                        ]
                    ],
                    [
                        [
                            [
                                101.05287294067223,
                                16.66354166756621
                            ],
                            [
                                101.0528767939786,
                                16.66390302795119
                            ],
                            [
                                101.05325167674705,
                                16.663899313253154
                            ],
                            [
                                101.05324782273824,
                                16.663537952953277
                            ],
                            [
                                101.05287294067223,
                                16.66354166756621
                            ]
                        ]
                    ],
                    [
                        [
                            [
                                101.05362270470859,
                                16.663534237663168
                            ],
                            [
                                101.05361885009299,
                                16.663172877434963
                            ],
                            [
                                101.05324396882509,
                                16.663176592639964
                            ],
                            [
                                101.05324782273824,
                                16.663537952953277
                            ],
                            [
                                101.05362270470859,
                                16.663534237663168
                            ]
                        ]
                    ],
                    [
                        [
                            [
                                101.05284597020585,
                                16.661012144494833
                            ],
                            [
                                101.05284982284267,
                                16.661373504973938
                            ],
                            [
                                101.0532247006943,
                                16.661369790871664
                            ],
                            [
                                101.05397445611054,
                                16.661362360635835
                            ],
                            [
                                101.0539706013667,
                                16.6610010004121
                            ],
                            [
                                101.05284597020585,
                                16.661012144494833
                            ]
                        ]
                    ],
                    [
                        [
                            [
                                101.05362655941987,
                                16.66389559787791
                            ],
                            [
                                101.05363041422683,
                                16.664256958079218
                            ],
                            [
                                101.05400529750644,
                                16.664253241941633
                            ],
                            [
                                101.054001441997,
                                16.663891881825467
                            ],
                            [
                                101.05362655941987,
                                16.66389559787791
                            ]
                        ]
                    ],
                    [
                        [
                            [
                                101.0547319237282,
                                16.662077647758117
                            ],
                            [
                                101.05435704485461,
                                16.662081364739105
                            ],
                            [
                                101.05436090058794,
                                16.662442724837337
                            ],
                            [
                                101.0547357801639,
                                16.662439007771184
                            ],
                            [
                                101.0547319237282,
                                16.662077647758117
                            ]
                        ]
                    ],
                    [
                        [
                            [
                                101.05473963669536,
                                16.662800367770803
                            ],
                            [
                                101.055114516878,
                                16.662796649942322
                            ],
                            [
                                101.05511065964416,
                                16.66243529002789
                            ],
                            [
                                101.0547357801639,
                                16.662439007771184
                            ],
                            [
                                101.05473963669536,
                                16.662800367770803
                            ]
                        ]
                    ],
                    [
                        [
                            [
                                101.05433776762372,
                                16.660274564046205
                            ],
                            [
                                101.05434162287848,
                                16.66063592421167
                            ],
                            [
                                101.05509137491119,
                                16.660628490254
                            ],
                            [
                                101.05508751825182,
                                16.66026713025888
                            ],
                            [
                                101.05433776762372,
                                16.660274564046205
                            ]
                        ]
                    ],
                    [
                        [
                            [
                                101.05512223163295,
                                16.66351936973085
                            ],
                            [
                                101.05512608915407,
                                16.663880729604937
                            ],
                            [
                                101.05550097134827,
                                16.6638770108437
                            ],
                            [
                                101.0554971131247,
                                16.663515651054812
                            ],
                            [
                                101.05512223163295,
                                16.66351936973085
                            ]
                        ]
                    ],
                    [
                        [
                            [
                                101.05622372006195,
                                16.66134005367815
                            ],
                            [
                                101.05584884297612,
                                16.66134377319716
                            ],
                            [
                                101.05584498472061,
                                16.660982413399342
                            ],
                            [
                                101.05509523166627,
                                16.66098985023567
                            ],
                            [
                                101.05510680250606,
                                16.662073930100004
                            ],
                            [
                                101.05623143826504,
                                16.662062773062953
                            ],
                            [
                                101.05622372006195,
                                16.66134005367815
                            ]
                        ]
                    ],
                    [
                        [
                            [
                                101.05623529751028,
                                16.662424132735186
                            ],
                            [
                                101.05586041831734,
                                16.66242785250989
                            ],
                            [
                                101.05586813569045,
                                16.663150571984474
                            ],
                            [
                                101.05736765750653,
                                16.663135688140798
                            ],
                            [
                                101.05735607316178,
                                16.662051609931833
                            ],
                            [
                                101.05623143826504,
                                16.662062773062953
                            ],
                            [
                                101.05623529751028,
                                16.662424132735186
                            ]
                        ],
                        [
                            [
                                101.05698891635457,
                                16.662778050642647
                            ],
                            [
                                101.05661403665086,
                                16.662781771856885
                            ],
                            [
                                101.05661017660742,
                                16.662420412283346
                            ],
                            [
                                101.05698505560872,
                                16.662416691154373
                            ],
                            [
                                101.05698891635457,
                                16.662778050642647
                            ]
                        ]
                    ],
                    [
                        [
                            [
                                101.05659087782746,
                                16.660613614213954
                            ],
                            [
                                101.05621600224207,
                                16.66061733423955
                            ],
                            [
                                101.05621986110411,
                                16.660978693965568
                            ],
                            [
                                101.0565947373918,
                                16.660974973854724
                            ],
                            [
                                101.05659087782746,
                                16.660613614213954
                            ]
                        ]
                    ],
                    [
                        [
                            [
                                101.05659859705197,
                                16.66133633348206
                            ],
                            [
                                101.05697347394619,
                                16.66133261260887
                            ],
                            [
                                101.05696961358369,
                                16.66097125306681
                            ],
                            [
                                101.0565947373918,
                                16.660974973854724
                            ],
                            [
                                101.05659859705197,
                                16.66133633348206
                            ]
                        ]
                    ],
                    [
                        [
                            [
                                101.05589129010868,
                                16.665318730085442
                            ],
                            [
                                101.05589514951366,
                                16.66568008972185
                            ],
                            [
                                101.05664492044818,
                                16.665672647960957
                            ],
                            [
                                101.05664105963812,
                                16.66531128849502
                            ],
                            [
                                101.05589129010868,
                                16.665318730085442
                            ]
                        ]
                    ],
                    [
                        [
                            [
                                101.05773095126901,
                                16.66204788753389
                            ],
                            [
                                101.0577270893101,
                                16.6616865281893
                            ],
                            [
                                101.05772322744708,
                                16.66132516883126
                            ],
                            [
                                101.05734835074456,
                                16.661328891058602
                            ],
                            [
                                101.05735607316178,
                                16.662051609931833
                            ],
                            [
                                101.05773095126901,
                                16.66204788753389
                            ]
                        ]
                    ],
                    [
                        [
                            [
                                101.05738696666498,
                                16.664942484886748
                            ],
                            [
                                101.05739082878424,
                                16.665303844195574
                            ],
                            [
                                101.05776571321353,
                                16.66530012102997
                            ],
                            [
                                101.05776185039174,
                                16.664938761806432
                            ],
                            [
                                101.05738696666498,
                                16.664942484886748
                            ]
                        ]
                    ],
                    [
                        [
                            [
                                101.05812900726168,
                                16.664212319732084
                            ],
                            [
                                101.0581367340226,
                                16.66493503804889
                            ],
                            [
                                101.0585116175576,
                                16.664931313614098
                            ],
                            [
                                101.0585077534267,
                                16.66456995454775
                            ],
                            [
                                101.05850388939169,
                                16.664208595467954
                            ],
                            [
                                101.05812900726168,
                                16.664212319732084
                            ]
                        ]
                    ],
                    [
                        [
                            [
                                101.06218304276754,
                                16.657666865217745
                            ],
                            [
                                101.06218691209789,
                                16.65802822368556
                            ],
                            [
                                101.06256178123247,
                                16.65802449342562
                            ],
                            [
                                101.06255791119997,
                                16.657663135043297
                            ],
                            [
                                101.06218304276754,
                                16.657666865217745
                            ]
                        ]
                    ],
                    [
                        [
                            [
                                101.06292890889777,
                                16.657298045881657
                            ],
                            [
                                101.06293665027097,
                                16.658020762488743
                            ],
                            [
                                101.06331151921339,
                                16.658017030874927
                            ],
                            [
                                101.06330377643587,
                                16.65729431443888
                            ],
                            [
                                101.06292890889777,
                                16.657298045881657
                            ]
                        ]
                    ],
                    [
                        [
                            [
                                101.06411936096652,
                                16.663429934605098
                            ],
                            [
                                101.0641232353463,
                                16.66379129243003
                            ],
                            [
                                101.06449811523714,
                                16.663787557416242
                            ],
                            [
                                101.06449424015491,
                                16.663426199676888
                            ],
                            [
                                101.06411936096652,
                                16.663429934605098
                            ]
                        ]
                    ],
                    [
                        [
                            [
                                101.07012518776216,
                                16.664092807388815
                            ],
                            [
                                101.07012907357372,
                                16.66445416381576
                            ],
                            [
                                101.0705039533283,
                                16.664450417795553
                            ],
                            [
                                101.07087883298642,
                                16.664446671098144
                            ],
                            [
                                101.07087494576994,
                                16.66408531484286
                            ],
                            [
                                101.07012518776216,
                                16.664092807388815
                            ]
                        ]
                    ]
                ]
            },
            {
                "type": "MultiPolygon",
                "coordinates": [
                    [
                        [
                            [
                                101.0497764911889,
                                16.6606811299749
                            ],
                            [
                                101.04984310264729,
                                16.6606804710844
                            ],
                            [
                                101.0498392558202,
                                16.660319109898104
                            ],
                            [
                                101.04983540908863,
                                16.65995774869837
                            ],
                            [
                                101.0495940131026,
                                16.65996013627631
                            ],
                            [
                                101.0497764911889,
                                16.6606811299749
                            ]
                        ]
                    ],
                    [
                        [
                            [
                                101.05020259031446,
                                16.659231318082973
                            ],
                            [
                                101.05021028489564,
                                16.65995404035281
                            ],
                            [
                                101.0509600362231,
                                16.659946621630564
                            ],
                            [
                                101.05095233883284,
                                16.65922389970077
                            ],
                            [
                                101.05020259031446,
                                16.659231318082973
                            ]
                        ]
                    ],
                    [
                        [
                            [
                                101.05171363741138,
                                16.660300560974857
                            ],
                            [
                                101.05246338937883,
                                16.66029313666619
                            ],
                            [
                                101.05246724112207,
                                16.660654497257276
                            ],
                            [
                                101.05284211766467,
                                16.66065078400229
                            ],
                            [
                                101.05283056061498,
                                16.659566702443968
                            ],
                            [
                                101.05245568617924,
                                16.6595704154437
                            ],
                            [
                                101.05245183472287,
                                16.65920905481228
                            ],
                            [
                                101.05207696089376,
                                16.659212767049905
                            ],
                            [
                                101.05206754054313,
                                16.65832870890987
                            ],
                            [
                                101.05169335901712,
                                16.65839725125257
                            ],
                            [
                                101.05171363741138,
                                16.660300560974857
                            ]
                        ]
                    ],
                    [
                        [
                            [
                                101.0525138630672,
                                16.671495992308976
                            ],
                            [
                                101.05258283788899,
                                16.671495308737065
                            ],
                            [
                                101.05257127433882,
                                16.67041122813378
                            ],
                            [
                                101.05224010895013,
                                16.670414509717073
                            ],
                            [
                                101.0525138630672,
                                16.671495992308976
                            ]
                        ]
                    ],
                    [
                        [
                            [
                                101.05286138132705,
                                16.66245758633058
                            ],
                            [
                                101.05361114114886,
                                16.66245015693824
                            ],
                            [
                                101.05360728682031,
                                16.662088796669707
                            ],
                            [
                                101.05360343258744,
                                16.661727436387725
                            ],
                            [
                                101.05322855412912,
                                16.661731151252216
                            ],
                            [
                                101.0532247006943,
                                16.661369790871664
                            ],
                            [
                                101.05284982284267,
                                16.661373504973938
                            ],
                            [
                                101.05285367557515,
                                16.661734865439602
                            ],
                            [
                                101.05210391818028,
                                16.661742291783032
                            ],
                            [
                                101.05210776960367,
                                16.66210365240542
                            ],
                            [
                                101.05173289006042,
                                16.662107364646534
                            ],
                            [
                                101.05172903933942,
                                16.661746003939083
                            ],
                            [
                                101.05097928137094,
                                16.661753426219846
                            ],
                            [
                                101.05097543215025,
                                16.66139206532888
                            ],
                            [
                                101.05022567520427,
                                16.661399484731167
                            ],
                            [
                                101.05022952302022,
                                16.661760845792145
                            ],
                            [
                                101.05023337093169,
                                16.662122206839683
                            ],
                            [
                                101.05060825085722,
                                16.66211849730709
                            ],
                            [
                                101.05061209956662,
                                16.66247985825618
                            ],
                            [
                                101.05098698009898,
                                16.662476147961442
                            ],
                            [
                                101.05099467920927,
                                16.66319886964927
                            ],
                            [
                                101.0513695610509,
                                16.663195158507325
                            ],
                            [
                                101.05136571074556,
                                16.662833797755162
                            ],
                            [
                                101.05211547273724,
                                16.662826373609853
                            ],
                            [
                                101.05211932444745,
                                16.663187734191897
                            ],
                            [
                                101.05286908746153,
                                16.663180307167785
                            ],
                            [
                                101.05286523434646,
                                16.66281894675591
                            ],
                            [
                                101.05286138132705,
                                16.66245758633058
                            ]
                        ]
                    ],
                    [
                        [
                            [
                                101.05336348462203,
                                16.674378756098825
                            ],
                            [
                                101.05373838767373,
                                16.674375038254812
                            ],
                            [
                                101.05374224525596,
                                16.674736398066017
                            ],
                            [
                                101.05411714891493,
                                16.674732679459197
                            ],
                            [
                                101.05412100729586,
                                16.675094039171803
                            ],
                            [
                                101.05449591156211,
                                16.675090319802155
                            ],
                            [
                                101.05449205247817,
                                16.674728960174715
                            ],
                            [
                                101.05561676259339,
                                16.674717798255276
                            ],
                            [
                                101.05562062378631,
                                16.67507915762712
                            ],
                            [
                                101.05599552766947,
                                16.67507543554676
                            ],
                            [
                                101.05599166577356,
                                16.67471407626013
                            ],
                            [
                                101.0559839422692,
                                16.67399135764654
                            ],
                            [
                                101.05560904049496,
                                16.673995079471226
                            ],
                            [
                                101.05560517958943,
                                16.67363372005901
                            ],
                            [
                                101.0548553771595,
                                16.67364116150508
                            ],
                            [
                                101.05485151775561,
                                16.673279801909004
                            ],
                            [
                                101.05335191455845,
                                16.673294676329082
                            ],
                            [
                                101.05334805806199,
                                16.672933316378916
                            ],
                            [
                                101.05297315772636,
                                16.672937033204807
                            ],
                            [
                                101.05297731728308,
                                16.673326861153352
                            ],
                            [
                                101.05336876221207,
                                16.674873223399267
                            ],
                            [
                                101.05336348462203,
                                16.674378756098825
                            ]
                        ]
                    ],
                    [
                        [
                            [
                                101.05358416285831,
                                16.65992063477613
                            ],
                            [
                                101.05359187046294,
                                16.660643355461104
                            ],
                            [
                                101.05396674671854,
                                16.66063964017492
                            ],
                            [
                                101.05395903770936,
                                16.659916919660226
                            ],
                            [
                                101.05358416285831,
                                16.65992063477613
                            ]
                        ]
                    ],
                    [
                        [
                            [
                                101.05483994011854,
                                16.672195723040048
                            ],
                            [
                                101.05596463518496,
                                16.672184560877053
                            ],
                            [
                                101.05595691302196,
                                16.671461842075068
                            ],
                            [
                                101.05445732503131,
                                16.67147672292233
                            ],
                            [
                                101.05444960887402,
                                16.670754003384914
                            ],
                            [
                                101.05369981711546,
                                16.67076143940277
                            ],
                            [
                                101.05371910119827,
                                16.672568238996966
                            ],
                            [
                                101.05484379923514,
                                16.67255708267649
                            ],
                            [
                                101.05483994011854,
                                16.672195723040048
                            ]
                        ]
                    ],
                    [
                        [
                            [
                                101.0570584261694,
                                16.66928251913136
                            ],
                            [
                                101.05668353381954,
                                16.669286241880407
                            ],
                            [
                                101.05668739568377,
                                16.669647601198356
                            ],
                            [
                                101.05631250253532,
                                16.669651323355225
                            ],
                            [
                                101.05634339527694,
                                16.672542198096515
                            ],
                            [
                                101.05671829404787,
                                16.6725384752576
                            ],
                            [
                                101.05709319272295,
                                16.67253475174111
                            ],
                            [
                                101.0570584261694,
                                16.66928251913136
                            ]
                        ]
                    ],
                    [
                        [
                            [
                                101.05709705615264,
                                16.672896110852687
                            ],
                            [
                                101.05672215677467,
                                16.67289983445445
                            ],
                            [
                                101.05672988251582,
                                16.67362255280779
                            ],
                            [
                                101.05635498163619,
                                16.673626275902482
                            ],
                            [
                                101.05636656885791,
                                16.674710353587333
                            ],
                            [
                                101.0571163747391,
                                16.67470290620874
                            ],
                            [
                                101.05712023874398,
                                16.675064265239584
                            ],
                            [
                                101.05824494895568,
                                16.675053088833323
                            ],
                            [
                                101.05823335090184,
                                16.67396901246819
                            ],
                            [
                                101.05748354840777,
                                16.673976463571485
                            ],
                            [
                                101.05747968398755,
                                16.67361510458556
                            ],
                            [
                                101.05710478329964,
                                16.673618829035487
                            ],
                            [
                                101.05709705615264,
                                16.672896110852687
                            ]
                        ]
                    ],
                    [
                        [
                            [
                                101.05933871520865,
                                16.672151037800244
                            ],
                            [
                                101.05934258275968,
                                16.67251239641332
                            ],
                            [
                                101.05971748076334,
                                16.67250866815388
                            ],
                            [
                                101.05970974435152,
                                16.671785951085027
                            ],
                            [
                                101.06008464085352,
                                16.67178222231882
                            ],
                            [
                                101.06006916637047,
                                16.670336788361197
                            ],
                            [
                                101.0596942726797,
                                16.670340516785824
                            ],
                            [
                                101.05969814045369,
                                16.670701875380814
                            ],
                            [
                                101.05894835137867,
                                16.670709330368403
                            ],
                            [
                                101.05895221784304,
                                16.67107068912068
                            ],
                            [
                                101.05820242697867,
                                16.67107814156901
                            ],
                            [
                                101.05820629213336,
                                16.671439500478503
                            ],
                            [
                                101.0574564994797,
                                16.67144695038744
                            ],
                            [
                                101.05746422726546,
                                16.672169668507305
                            ],
                            [
                                101.05783912504593,
                                16.672165943720994
                            ],
                            [
                                101.05784298978548,
                                16.672527302675444
                            ],
                            [
                                101.05859278646446,
                                16.672519850899512
                            ],
                            [
                                101.05859665270569,
                                16.672881209669843
                            ],
                            [
                                101.05897155160416,
                                16.672877482680178
                            ],
                            [
                                101.05896381781187,
                                16.672154765296757
                            ],
                            [
                                101.05933871520865,
                                16.672151037800244
                            ]
                        ],
                        [
                            [
                                101.05858892031915,
                                16.672158492115713
                            ],
                            [
                                101.05858505426978,
                                16.671797133318464
                            ],
                            [
                                101.05895995105966,
                                16.67179340658485
                            ],
                            [
                                101.05896381781187,
                                16.672154765296757
                            ],
                            [
                                101.05858892031915,
                                16.672158492115713
                            ]
                        ]
                    ],
                    [
                        [
                            [
                                101.06155712688619,
                                16.669237793303704
                            ],
                            [
                                101.06156099788588,
                                16.66959915151193
                            ],
                            [
                                101.06118610598469,
                                16.66960288247552
                            ],
                            [
                                101.06117836548685,
                                16.668880165874683
                            ],
                            [
                                101.06080347489505,
                                16.668883895989946
                            ],
                            [
                                101.06079573618676,
                                16.6681611791644
                            ],
                            [
                                101.06042084690428,
                                16.668164908431418
                            ],
                            [
                                101.06042471550774,
                                16.668526266936347
                            ],
                            [
                                101.06004982542659,
                                16.668529995611387
                            ],
                            [
                                101.06005756151615,
                                16.669252712751682
                            ],
                            [
                                101.0604324530027,
                                16.669248983905817
                            ],
                            [
                                101.0604363218942,
                                16.66961034237037
                            ],
                            [
                                101.06081121398746,
                                16.669606612761665
                            ],
                            [
                                101.060818953464,
                                16.670329329479543
                            ],
                            [
                                101.06119384686671,
                                16.670325599022515
                            ],
                            [
                                101.0615687401734,
                                16.670321867888024
                            ],
                            [
                                101.06156486898158,
                                16.6699605097067
                            ],
                            [
                                101.06193976148946,
                                16.66995677798023
                            ],
                            [
                                101.0619320179886,
                                16.66923406174816
                            ],
                            [
                                101.06155712688619,
                                16.669237793303704
                            ]
                        ]
                    ],
                    [
                        [
                            [
                                101.06268179990512,
                                16.669226596604826
                            ],
                            [
                                101.06266243580777,
                                16.667419806644094
                            ],
                            [
                                101.0622875484109,
                                16.66742353912696
                            ],
                            [
                                101.06228367658237,
                                16.667062181008944
                            ],
                            [
                                101.06190878979199,
                                16.667065912728987
                            ],
                            [
                                101.06190491876217,
                                16.666704554512027
                            ],
                            [
                                101.06153003257832,
                                16.666708285469273
                            ],
                            [
                                101.06152616234714,
                                16.666346927153384
                            ],
                            [
                                101.06040150532708,
                                16.666358115704956
                            ],
                            [
                                101.06040924166994,
                                16.667080832835904
                            ],
                            [
                                101.0607841288445,
                                16.66707710382516
                            ],
                            [
                                101.06078799786256,
                                16.667438462285034
                            ],
                            [
                                101.06116288564374,
                                16.667434732511527
                            ],
                            [
                                101.06115901592305,
                                16.6670733741371
                            ],
                            [
                                101.06153390290557,
                                16.667069643771697
                            ],
                            [
                                101.06154164384819,
                                16.667792360336197
                            ],
                            [
                                101.06229142033551,
                                16.667784897231527
                            ],
                            [
                                101.06229916447302,
                                16.668507613400276
                            ],
                            [
                                101.06192427487208,
                                16.66851134546227
                            ],
                            [
                                101.0619320179886,
                                16.66923406174816
                            ],
                            [
                                101.06268179990512,
                                16.669226596604826
                            ]
                        ]
                    ],
                    [
                        [
                            [
                                101.06257726232339,
                                16.659469926820414
                            ],
                            [
                                101.0618275183405,
                                16.659477387347252
                            ],
                            [
                                101.06183525665348,
                                16.660200104305883
                            ],
                            [
                                101.06108550947731,
                                16.66020756246656
                            ],
                            [
                                101.06109324536536,
                                16.66093027971321
                            ],
                            [
                                101.0625927449518,
                                16.660915359999976
                            ],
                            [
                                101.06258887415058,
                                16.66055400172526
                            ],
                            [
                                101.06257726232339,
                                16.659469926820414
                            ]
                        ]
                    ],
                    [
                        [
                            [
                                101.06340446253661,
                                16.666689623909942
                            ],
                            [
                                101.06377934823992,
                                16.666685889566153
                            ],
                            [
                                101.06377547379327,
                                16.66632453176332
                            ],
                            [
                                101.06376385103032,
                                16.665240458274052
                            ],
                            [
                                101.06413873382726,
                                16.665236723595207
                            ],
                            [
                                101.0641232353463,
                                16.66379129243003
                            ],
                            [
                                101.06411936096652,
                                16.663429934605098
                            ],
                            [
                                101.0633696023012,
                                16.663437402430013
                            ],
                            [
                                101.06337347527611,
                                16.663798760426044
                            ],
                            [
                                101.06337734834719,
                                16.664160118408635
                            ],
                            [
                                101.06262758648755,
                                16.66416758386697
                            ],
                            [
                                101.06263145824981,
                                16.664528942007152
                            ],
                            [
                                101.06225657647335,
                                16.664532673806015
                            ],
                            [
                                101.06226431888119,
                                16.66525539021699
                            ],
                            [
                                101.06263920206266,
                                16.66525165824712
                            ],
                            [
                                101.06263533010818,
                                16.664890300133862
                            ],
                            [
                                101.06301021249102,
                                16.664886567572264
                            ],
                            [
                                101.06301795790111,
                                16.665609283614298
                            ],
                            [
                                101.06339284159286,
                                16.66560555020441
                            ],
                            [
                                101.06340058879256,
                                16.66632826602156
                            ],
                            [
                                101.06302570369569,
                                16.66633199960251
                            ],
                            [
                                101.06303732310855,
                                16.667416073483892
                            ],
                            [
                                101.06341221031319,
                                16.667412339646344
                            ],
                            [
                                101.06340446253661,
                                16.666689623909942
                            ]
                        ]
                    ],
                    [
                        [
                            [
                                101.07083607891192,
                                16.66047175154967
                            ],
                            [
                                101.07084385151164,
                                16.661194464315994
                            ],
                            [
                                101.07116493035413,
                                16.661191255394
                            ],
                            [
                                101.07102228770826,
                                16.660469890683036
                            ],
                            [
                                101.07083607891192,
                                16.66047175154967
                            ]
                        ]
                    ],
                    [
                        [
                            [
                                101.0728154946241,
                                16.6702096188355
                            ],
                            [
                                101.0728078423323,
                                16.66949917765817
                            ],
                            [
                                101.07280542028978,
                                16.669486930516765
                            ],
                            [
                                101.07205793205272,
                                16.669494409496348
                            ],
                            [
                                101.07205404137723,
                                16.669133053687187
                            ],
                            [
                                101.07167915287515,
                                16.669136803532737
                            ],
                            [
                                101.0716752629989,
                                16.668775447624217
                            ],
                            [
                                101.07130037510298,
                                16.668779196706488
                            ],
                            [
                                101.0712964860259,
                                16.668417840698627
                            ],
                            [
                                101.07092159873612,
                                16.66842158901767
                            ],
                            [
                                101.07092937558143,
                                16.66914430119164
                            ],
                            [
                                101.07055448678982,
                                16.66914804900499
                            ],
                            [
                                101.07057003882754,
                                16.670593473534705
                            ],
                            [
                                101.07094493043006,
                                16.67058972537798
                            ],
                            [
                                101.07094881938346,
                                16.6709510813909
                            ],
                            [
                                101.07169860370452,
                                16.67094358287332
                            ],
                            [
                                101.07169082308316,
                                16.670220871177484
                            ],
                            [
                                101.0728154946241,
                                16.6702096188355
                            ]
                        ],
                        [
                            [
                                101.07131593237642,
                                16.670224620603264
                            ],
                            [
                                101.07130815354665,
                                16.66950190868181
                            ],
                            [
                                101.07168304284795,
                                16.669498159427786
                            ],
                            [
                                101.07169082308316,
                                16.670220871177484
                            ],
                            [
                                101.07131593237642,
                                16.670224620603264
                            ]
                        ]
                    ],
                    [
                        [
                            [
                                101.07170249416001,
                                16.67130493870103
                            ],
                            [
                                101.07170638471203,
                                16.671666294515283
                            ],
                            [
                                101.07208127813333,
                                16.671662544068496
                            ],
                            [
                                101.0724561714581,
                                16.6716587929442
                            ],
                            [
                                101.07244838763941,
                                16.67093608164584
                            ],
                            [
                                101.07169860370452,
                                16.67094358287332
                            ],
                            [
                                101.07170249416001,
                                16.67130493870103
                            ]
                        ]
                    ],
                    [
                        [
                            [
                                101.07281938699475,
                                16.67057097443243
                            ],
                            [
                                101.07282717202584,
                                16.67129368558588
                            ],
                            [
                                101.07316207277178,
                                16.67129033351174
                            ],
                            [
                                101.07301941074006,
                                16.670568972512676
                            ],
                            [
                                101.07281938699475,
                                16.67057097443243
                            ]
                        ]
                    ]
                ]
            },
            {
                "type": "MultiPolygon",
                "coordinates": [
                    [
                        [
                            [
                                101.05374996070752,
                                16.67545911764806
                            ],
                            [
                                101.05375381857688,
                                16.6758204774189
                            ],
                            [
                                101.0541287243449,
                                16.675816758556632
                            ],
                            [
                                101.05412486577251,
                                16.675455398870938
                            ],
                            [
                                101.05374996070752,
                                16.67545911764806
                            ]
                        ]
                    ],
                    [
                        [
                            [
                                101.05450748938837,
                                16.676174398603706
                            ],
                            [
                                101.05413258301303,
                                16.676178118228854
                            ],
                            [
                                101.05413644177688,
                                16.67653947788763
                            ],
                            [
                                101.054495000055,
                                16.67653592039913
                            ],
                            [
                                101.05451132492627,
                                16.676533517743703
                            ],
                            [
                                101.05450748938837,
                                16.676174398603706
                            ]
                        ]
                    ],
                    [
                        [
                            [
                                101.05525730185181,
                                16.676166957320227
                            ],
                            [
                                101.05488239566797,
                                16.676170678300835
                            ],
                            [
                                101.05488568307031,
                                16.676478420245544
                            ],
                            [
                                101.05526004092063,
                                16.676423322093598
                            ],
                            [
                                101.05525730185181,
                                16.676166957320227
                            ]
                        ]
                    ],
                    [
                        [
                            [
                                101.06218304276754,
                                16.657666865217745
                            ],
                            [
                                101.06255791119997,
                                16.657663135043297
                            ],
                            [
                                101.06255017142324,
                                16.656940418238296
                            ],
                            [
                                101.06142557005053,
                                16.656951606218026
                            ],
                            [
                                101.06142943778445,
                                16.657312964883683
                            ],
                            [
                                101.06180430570689,
                                16.65730923614854
                            ],
                            [
                                101.0618120428672,
                                16.65803195326858
                            ],
                            [
                                101.06218691209789,
                                16.65802822368556
                            ],
                            [
                                101.06218304276754,
                                16.657666865217745
                            ]
                        ]
                    ],
                    [
                        [
                            [
                                101.0621907815243,
                                16.658389582139932
                            ],
                            [
                                101.06256565136107,
                                16.658385851794495
                            ],
                            [
                                101.06256178123247,
                                16.65802449342562
                            ],
                            [
                                101.06218691209789,
                                16.65802822368556
                            ],
                            [
                                101.0621907815243,
                                16.658389582139932
                            ]
                        ]
                    ],
                    [
                        [
                            [
                                101.0636670283262,
                                16.656206507820894
                            ],
                            [
                                101.06404189356572,
                                16.65620277528098
                            ],
                            [
                                101.06404116740302,
                                16.656135012442896
                            ],
                            [
                                101.06366699690818,
                                16.656203575481086
                            ],
                            [
                                101.0636670283262,
                                16.656206507820894
                            ]
                        ]
                    ],
                    [
                        [
                            [
                                101.06367090008061,
                                16.656567866000454
                            ],
                            [
                                101.06367477193115,
                                16.65692922416656
                            ],
                            [
                                101.06404963857489,
                                16.656925491455542
                            ],
                            [
                                101.06404576602222,
                                16.65656413337499
                            ],
                            [
                                101.06367090008061,
                                16.656567866000454
                            ]
                        ]
                    ],
                    [
                        [
                            [
                                101.06516648870729,
                                16.65619157360013
                            ],
                            [
                                101.06479162375628,
                                16.6561953081706
                            ],
                            [
                                101.06479549761696,
                                16.656556666093447
                            ],
                            [
                                101.06517036327004,
                                16.65655293143738
                            ],
                            [
                                101.06516648870729,
                                16.65619157360013
                            ]
                        ]
                    ],
                    [
                        [
                            [
                                101.065174237929,
                                16.656914289261177
                            ],
                            [
                                101.06554910418798,
                                16.656910553842625
                            ],
                            [
                                101.06554522882692,
                                16.656549196104436
                            ],
                            [
                                101.06517036327004,
                                16.65655293143738
                            ],
                            [
                                101.065174237929,
                                16.656914289261177
                            ]
                        ]
                    ],
                    [
                        [
                            [
                                101.0705039533283,
                                16.664450417795553
                            ],
                            [
                                101.0705078399388,
                                16.66481177412321
                            ],
                            [
                                101.0708827202994,
                                16.66480802733996
                            ],
                            [
                                101.07087883298642,
                                16.664446671098144
                            ],
                            [
                                101.0705039533283,
                                16.664450417795553
                            ]
                        ]
                    ]
                ]
            },
            {
                "type": "MultiPolygon",
                "coordinates": [
                    [
                        [
                            [
                                101.05172133818422,
                                16.661023282483857
                            ],
                            [
                                101.05134646065245,
                                16.661026993792703
                            ],
                            [
                                101.05134261092056,
                                16.66066563295988
                            ],
                            [
                                101.05096773399556,
                                16.66066934350661
                            ],
                            [
                                101.05096388506155,
                                16.66030798257531
                            ],
                            [
                                101.0498392558202,
                                16.660319109898104
                            ],
                            [
                                101.04984310264729,
                                16.6606804710844
                            ],
                            [
                                101.0497764911889,
                                16.6606811299749
                            ],
                            [
                                101.0500502114516,
                                16.66176261984884
                            ],
                            [
                                101.05022952302022,
                                16.661760845792145
                            ],
                            [
                                101.05022567520427,
                                16.661399484731167
                            ],
                            [
                                101.05097543215025,
                                16.66139206532888
                            ],
                            [
                                101.05097928137094,
                                16.661753426219846
                            ],
                            [
                                101.05172903933942,
                                16.661746003939083
                            ],
                            [
                                101.05172133818422,
                                16.661023282483857
                            ]
                        ]
                    ],
                    [
                        [
                            [
                                101.05586813569045,
                                16.663150571984474
                            ],
                            [
                                101.05586041831734,
                                16.66242785250989
                            ],
                            [
                                101.05548553902864,
                                16.662431571607463
                            ],
                            [
                                101.05548939696489,
                                16.662792931436687
                            ],
                            [
                                101.055114516878,
                                16.662796649942322
                            ],
                            [
                                101.05473963669536,
                                16.662800367770803
                            ],
                            [
                                101.0547357801639,
                                16.662439007771184
                            ],
                            [
                                101.05436090058794,
                                16.662442724837337
                            ],
                            [
                                101.05436861234173,
                                16.66316544499348
                            ],
                            [
                                101.05399373126522,
                                16.66316916155281
                            ],
                            [
                                101.05398216588532,
                                16.662085081042964
                            ],
                            [
                                101.05360728682031,
                                16.662088796669707
                            ],
                            [
                                101.05361114114886,
                                16.66245015693824
                            ],
                            [
                                101.05286138132705,
                                16.66245758633058
                            ],
                            [
                                101.05286523434646,
                                16.66281894675591
                            ],
                            [
                                101.0532401150076,
                                16.662815232313193
                            ],
                            [
                                101.05324396882509,
                                16.663176592639964
                            ],
                            [
                                101.05361885009299,
                                16.663172877434963
                            ],
                            [
                                101.05362270470859,
                                16.663534237663168
                            ],
                            [
                                101.05399758658325,
                                16.66353052169586
                            ],
                            [
                                101.054001441997,
                                16.663891881825467
                            ],
                            [
                                101.05400529750644,
                                16.664253241941633
                            ],
                            [
                                101.05363041422683,
                                16.664256958079218
                            ],
                            [
                                101.05362655941987,
                                16.66389559787791
                            ],
                            [
                                101.05325167674705,
                                16.663899313253154
                            ],
                            [
                                101.0528767939786,
                                16.66390302795119
                            ],
                            [
                                101.05287294067223,
                                16.66354166756621
                            ],
                            [
                                101.05286908746153,
                                16.663180307167785
                            ],
                            [
                                101.05211932444745,
                                16.663187734191897
                            ],
                            [
                                101.05211547273724,
                                16.662826373609853
                            ],
                            [
                                101.05136571074556,
                                16.662833797755162
                            ],
                            [
                                101.0513695610509,
                                16.663195158507325
                            ],
                            [
                                101.05099467920927,
                                16.66319886964927
                            ],
                            [
                                101.05098698009898,
                                16.662476147961442
                            ],
                            [
                                101.05061209956662,
                                16.66247985825618
                            ],
                            [
                                101.05062880927395,
                                16.66404865292391
                            ],
                            [
                                101.0507801505364,
                                16.664646588891717
                            ],
                            [
                                101.05101007857658,
                                16.664644312863576
                            ],
                            [
                                101.05101777883364,
                                16.66536703439006
                            ],
                            [
                                101.05139266489022,
                                16.66536332273792
                            ],
                            [
                                101.05139651586464,
                                16.66572468339595
                            ],
                            [
                                101.05214628909616,
                                16.66571725788974
                            ],
                            [
                                101.0521501415713,
                                16.66607861836421
                            ],
                            [
                                101.05252502874617,
                                16.666074904510097
                            ],
                            [
                                101.05253273538854,
                                16.66679762524855
                            ],
                            [
                                101.05215784680846,
                                16.666801339272816
                            ],
                            [
                                101.05216169957046,
                                16.667162699706942
                            ],
                            [
                                101.05178681019214,
                                16.667166413138958
                            ],
                            [
                                101.05180302866347,
                                16.668687764484467
                            ],
                            [
                                101.05205760829598,
                                16.66969352087278
                            ],
                            [
                                101.05218867158207,
                                16.669692222369275
                            ],
                            [
                                101.05219445050977,
                                16.67023413169575
                            ],
                            [
                                101.05224010895013,
                                16.670414509717073
                            ],
                            [
                                101.05257127433882,
                                16.67041122813378
                            ],
                            [
                                101.05258283788899,
                                16.671495308737065
                            ],
                            [
                                101.0525138630672,
                                16.671495992308976
                            ],
                            [
                                101.05297731728308,
                                16.673326861153352
                            ],
                            [
                                101.05297315772636,
                                16.672937033204807
                            ],
                            [
                                101.05334805806199,
                                16.672933316378916
                            ],
                            [
                                101.05335191455845,
                                16.673294676329082
                            ],
                            [
                                101.05485151775561,
                                16.673279801909004
                            ],
                            [
                                101.0548553771595,
                                16.67364116150508
                            ],
                            [
                                101.05560517958943,
                                16.67363372005901
                            ],
                            [
                                101.05560904049496,
                                16.673995079471226
                            ],
                            [
                                101.0559839422692,
                                16.67399135764654
                            ],
                            [
                                101.05599166577356,
                                16.67471407626013
                            ],
                            [
                                101.05636656885791,
                                16.674710353587333
                            ],
                            [
                                101.05635498163619,
                                16.673626275902482
                            ],
                            [
                                101.05672988251582,
                                16.67362255280779
                            ],
                            [
                                101.05672215677467,
                                16.67289983445445
                            ],
                            [
                                101.05671829404787,
                                16.6725384752576
                            ],
                            [
                                101.05634339527694,
                                16.672542198096515
                            ],
                            [
                                101.05631250253532,
                                16.669651323355225
                            ],
                            [
                                101.05668739568377,
                                16.669647601198356
                            ],
                            [
                                101.05668353381954,
                                16.669286241880407
                            ],
                            [
                                101.05666808732099,
                                16.667840804474057
                            ],
                            [
                                101.05629319768603,
                                16.667844526204654
                            ],
                            [
                                101.05629705846424,
                                16.66820588566168
                            ],
                            [
                                101.05592216803082,
                                16.66820960680015
                            ],
                            [
                                101.05592602820217,
                                16.668570966328947
                            ],
                            [
                                101.05555113697025,
                                16.66857468687526
                            ],
                            [
                                101.05554341812866,
                                16.667851967633755
                            ],
                            [
                                101.05591830795525,
                                16.66784824725789
                            ],
                            [
                                101.05591058809154,
                                16.667125528133017
                            ],
                            [
                                101.05628547641703,
                                16.667121807250254
                            ],
                            [
                                101.05628933700362,
                                16.667483166734183
                            ],
                            [
                                101.05666422593595,
                                16.66747944508884
                            ],
                            [
                                101.05666036464673,
                                16.667118085690163
                            ],
                            [
                                101.05741014081859,
                                16.66711064053797
                            ],
                            [
                                101.05740241571725,
                                16.666387922041373
                            ],
                            [
                                101.05702752908444,
                                16.66639164478557
                            ],
                            [
                                101.05701980577172,
                                16.665668926064598
                            ],
                            [
                                101.05664492044818,
                                16.665672647960957
                            ],
                            [
                                101.05589514951366,
                                16.66568008972185
                            ],
                            [
                                101.05589129010868,
                                16.665318730085442
                            ],
                            [
                                101.05514152019606,
                                16.66532616896681
                            ],
                            [
                                101.0551569527702,
                                16.666771608113486
                            ],
                            [
                                101.05478206485998,
                                16.666775326879037
                            ],
                            [
                                101.0547666350961,
                                16.665329887391607
                            ],
                            [
                                101.0543917499004,
                                16.665333605139143
                            ],
                            [
                                101.05438018069032,
                                16.664249525126834
                            ],
                            [
                                101.05475506377849,
                                16.664245807634813
                            ],
                            [
                                101.0547512068641,
                                16.663884447688982
                            ],
                            [
                                101.05512608915407,
                                16.663880729604937
                            ],
                            [
                                101.05512223163295,
                                16.66351936973085
                            ],
                            [
                                101.0554971131247,
                                16.663515651054812
                            ],
                            [
                                101.05550097134827,
                                16.6638770108437
                            ],
                            [
                                101.05550482966761,
                                16.664238370619138
                            ],
                            [
                                101.05625459517361,
                                16.664230930894607
                            ],
                            [
                                101.0562584549937,
                                16.66459229048614
                            ],
                            [
                                101.0566333383055,
                                16.664588569522806
                            ],
                            [
                                101.05662947778292,
                                16.664227210016517
                            ],
                            [
                                101.05737924271402,
                                16.664219766228715
                            ],
                            [
                                101.05736765750653,
                                16.663135688140798
                            ],
                            [
                                101.05586813569045,
                                16.663150571984474
                            ]
                        ],
                        [
                            [
                                101.05560131877971,
                                16.673272360633344
                            ],
                            [
                                101.05597621914806,
                                16.673268638979113
                            ],
                            [
                                101.05598008066072,
                                16.67362999831955
                            ],
                            [
                                101.05560517958943,
                                16.67363372005901
                            ],
                            [
                                101.05560131877971,
                                16.673272360633344
                            ]
                        ],
                        [
                            [
                                101.05327094822621,
                                16.6657061145508
                            ],
                            [
                                101.05364583441157,
                                16.665702398749932
                            ],
                            [
                                101.05365354507808,
                                16.666425119004593
                            ],
                            [
                                101.05327865748757,
                                16.666428834975726
                            ],
                            [
                                101.05327094822621,
                                16.6657061145508
                            ]
                        ],
                        [
                            [
                                101.05369981711546,
                                16.67076143940277
                            ],
                            [
                                101.05444960887402,
                                16.670754003384914
                            ],
                            [
                                101.05445732503131,
                                16.67147672292233
                            ],
                            [
                                101.05595691302196,
                                16.671461842075068
                            ],
                            [
                                101.05596463518496,
                                16.672184560877053
                            ],
                            [
                                101.05483994011854,
                                16.672195723040048
                            ],
                            [
                                101.05484379923514,
                                16.67255708267649
                            ],
                            [
                                101.05371910119827,
                                16.672568238996966
                            ],
                            [
                                101.05369981711546,
                                16.67076143940277
                            ]
                        ]
                    ],
                    [
                        [
                            [
                                101.05381500000001,
                                16.676636000000002
                            ],
                            [
                                101.05413696648846,
                                16.676588614588066
                            ],
                            [
                                101.05413644177688,
                                16.67653947788763
                            ],
                            [
                                101.05379143204497,
                                16.676542900366197
                            ],
                            [
                                101.05381500000001,
                                16.676636000000002
                            ]
                        ]
                    ],
                    [
                        [
                            [
                                101.05637815694212,
                                16.67579443115107
                            ],
                            [
                                101.05600325174875,
                                16.675798154079608
                            ],
                            [
                                101.05599552766947,
                                16.67507543554676
                            ],
                            [
                                101.05562062378631,
                                16.67507915762712
                            ],
                            [
                                101.05561676259339,
                                16.674717798255276
                            ],
                            [
                                101.05449205247817,
                                16.674728960174715
                            ],
                            [
                                101.05449591156211,
                                16.675090319802155
                            ],
                            [
                                101.05412100729586,
                                16.675094039171803
                            ],
                            [
                                101.05412486577251,
                                16.675455398870938
                            ],
                            [
                                101.0541287243449,
                                16.675816758556632
                            ],
                            [
                                101.05413258301303,
                                16.676178118228854
                            ],
                            [
                                101.05450748938837,
                                16.676174398603706
                            ],
                            [
                                101.05451132492627,
                                16.676533517743703
                            ],
                            [
                                101.05488568307031,
                                16.676478420245544
                            ],
                            [
                                101.05488239566797,
                                16.676170678300835
                            ],
                            [
                                101.05525730185181,
                                16.676166957320227
                            ],
                            [
                                101.05526004092063,
                                16.676423322093598
                            ],
                            [
                                101.05638311270886,
                                16.67625802371511
                            ],
                            [
                                101.05637815694212,
                                16.67579443115107
                            ]
                        ]
                    ],
                    [
                        [
                            [
                                101.07094881938346,
                                16.6709510813909
                            ],
                            [
                                101.07094493043006,
                                16.67058972537798
                            ],
                            [
                                101.07057003882754,
                                16.670593473534705
                            ],
                            [
                                101.07055448678982,
                                16.66914804900499
                            ],
                            [
                                101.07017959790171,
                                16.669151796140937
                            ],
                            [
                                101.07018348506372,
                                16.669513152379395
                            ],
                            [
                                101.06980859537644,
                                16.66951689892376
                            ],
                            [
                                101.06981248193219,
                                16.669878255234565
                            ],
                            [
                                101.06906270086289,
                                16.669885746462626
                            ],
                            [
                                101.06906658610963,
                                16.670247102931544
                            ],
                            [
                                101.06831680324917,
                                16.670254591621383
                            ],
                            [
                                101.0683206871868,
                                16.67061594824836
                            ],
                            [
                                101.06757090253532,
                                16.670623434399847
                            ],
                            [
                                101.06757478516377,
                                16.670984791184818
                            ],
                            [
                                101.06570031833543,
                                16.671003495136226
                            ],
                            [
                                101.06569643922086,
                                16.670642137922883
                            ],
                            [
                                101.06607133207633,
                                16.670638398573217
                            ],
                            [
                                101.06606745235524,
                                16.670277041432055
                            ],
                            [
                                101.06644234441171,
                                16.670273301490578
                            ],
                            [
                                101.06643846408419,
                                16.669911944421614
                            ],
                            [
                                101.06718824650267,
                                16.66990446267766
                            ],
                            [
                                101.06718048332559,
                                16.66918174884207
                            ],
                            [
                                101.06755537298494,
                                16.66917800712534
                            ],
                            [
                                101.06753984497607,
                                16.667732579635423
                            ],
                            [
                                101.06716495812736,
                                16.667736321009336
                            ],
                            [
                                101.06715719610621,
                                16.667013607012198
                            ],
                            [
                                101.06603253919796,
                                16.667024826555824
                            ],
                            [
                                101.06602478177754,
                                16.666302111990817
                            ],
                            [
                                101.06564989735406,
                                16.66630585031279
                            ],
                            [
                                101.0656460194908,
                                16.665944492924456
                            ],
                            [
                                101.06527113567364,
                                16.665948230483515
                            ],
                            [
                                101.06526338164092,
                                16.665225515495223
                            ],
                            [
                                101.06563826405304,
                                16.665221778107412
                            ],
                            [
                                101.06563438647852,
                                16.664860420678703
                            ],
                            [
                                101.0660092680919,
                                16.66485668269929
                            ],
                            [
                                101.06600538991115,
                                16.664495325342767
                            ],
                            [
                                101.06638027072577,
                                16.66449158677179
                            ],
                            [
                                101.06638414960901,
                                16.66485294404266
                            ],
                            [
                                101.06788367471445,
                                16.664837982643913
                            ],
                            [
                                101.06784874294455,
                                16.66158576980644
                            ],
                            [
                                101.06747386813436,
                                16.66158951040052
                            ],
                            [
                                101.06746998801064,
                                16.661228153265576
                            ],
                            [
                                101.06409611670732,
                                16.66126178737292
                            ],
                            [
                                101.06409999051009,
                                16.661623145278583
                            ],
                            [
                                101.06372511473742,
                                16.66162687910183
                            ],
                            [
                                101.06373286122677,
                                16.662349595043917
                            ],
                            [
                                101.06410773840415,
                                16.66234586104955
                            ],
                            [
                                101.06411936096652,
                                16.663429934605098
                            ],
                            [
                                101.06449424015491,
                                16.663426199676888
                            ],
                            [
                                101.06449811523714,
                                16.663787557416242
                            ],
                            [
                                101.0641232353463,
                                16.66379129243003
                            ],
                            [
                                101.06413873382726,
                                16.665236723595207
                            ],
                            [
                                101.06376385103032,
                                16.665240458274052
                            ],
                            [
                                101.06377547379327,
                                16.66632453176332
                            ],
                            [
                                101.06490012821837,
                                16.66631332492486
                            ],
                            [
                                101.06491563501312,
                                16.667758755028537
                            ],
                            [
                                101.06529052243948,
                                16.667755017718697
                            ],
                            [
                                101.06529827781945,
                                16.66847773251856
                            ],
                            [
                                101.06567316655487,
                                16.668473994360127
                            ],
                            [
                                101.0656770450919,
                                16.668835351654245
                            ],
                            [
                                101.06492726611945,
                                16.66884282746496
                            ],
                            [
                                101.0649233889878,
                                16.66848146999962
                            ],
                            [
                                101.06379872191557,
                                16.668492678378485
                            ],
                            [
                                101.06381422258711,
                                16.669938109186077
                            ],
                            [
                                101.06456400635311,
                                16.669930636926292
                            ],
                            [
                                101.0645678831669,
                                16.6702919944234
                            ],
                            [
                                101.06344320526541,
                                16.670303202053592
                            ],
                            [
                                101.06345095496499,
                                16.671025917520804
                            ],
                            [
                                101.06307606073328,
                                16.67102965221369
                            ],
                            [
                                101.06307993502449,
                                16.671391010012638
                            ],
                            [
                                101.06270503999383,
                                16.67139474411355
                            ],
                            [
                                101.06269729291311,
                                16.67067202833114
                            ],
                            [
                                101.0611977174518,
                                16.67068695727583
                            ],
                            [
                                101.06119384686671,
                                16.670325599022515
                            ],
                            [
                                101.060818953464,
                                16.670329329479543
                            ],
                            [
                                101.06081121398746,
                                16.669606612761665
                            ],
                            [
                                101.0604363218942,
                                16.66961034237037
                            ],
                            [
                                101.0604324530027,
                                16.669248983905817
                            ],
                            [
                                101.06005756151615,
                                16.669252712751682
                            ],
                            [
                                101.06004982542659,
                                16.668529995611387
                            ],
                            [
                                101.06042471550774,
                                16.668526266936347
                            ],
                            [
                                101.06042084690428,
                                16.668164908431418
                            ],
                            [
                                101.06041697839683,
                                16.667803549913035
                            ],
                            [
                                101.060042089721,
                                16.667807278417268
                            ],
                            [
                                101.06003822201218,
                                16.667445919800016
                            ],
                            [
                                101.06041310998538,
                                16.6674421913812
                            ],
                            [
                                101.06040924166994,
                                16.667080832835904
                            ],
                            [
                                101.06040150532708,
                                16.666358115704956
                            ],
                            [
                                101.06039763729967,
                                16.6659967571193
                            ],
                            [
                                101.05964786687802,
                                16.666004212596402
                            ],
                            [
                                101.05963626758698,
                                16.664920136246305
                            ],
                            [
                                101.06113579961587,
                                16.664905223607942
                            ],
                            [
                                101.06112806161512,
                                16.664182506657262
                            ],
                            [
                                101.06187782424348,
                                16.66417504661651
                            ],
                            [
                                101.06187395398223,
                                16.66381368829191
                            ],
                            [
                                101.06337347527611,
                                16.663798760426044
                            ],
                            [
                                101.0633696023012,
                                16.663437402430013
                            ],
                            [
                                101.06335411136287,
                                16.661991970311306
                            ],
                            [
                                101.06297923469556,
                                16.661995702865905
                            ],
                            [
                                101.06297536290366,
                                16.661634344717058
                            ],
                            [
                                101.06072610509615,
                                16.661656725312582
                            ],
                            [
                                101.06072997267393,
                                16.662018083974257
                            ],
                            [
                                101.06035509533416,
                                16.6620218117891
                            ],
                            [
                                101.06035122845876,
                                16.661660453042007
                            ],
                            [
                                101.0577270893101,
                                16.6616865281893
                            ],
                            [
                                101.05773095126901,
                                16.66204788753389
                            ],
                            [
                                101.05735607316178,
                                16.662051609931833
                            ],
                            [
                                101.05736765750653,
                                16.663135688140798
                            ],
                            [
                                101.05811741783951,
                                16.663128242155985
                            ],
                            [
                                101.05812900726168,
                                16.664212319732084
                            ],
                            [
                                101.05850388939169,
                                16.664208595467954
                            ],
                            [
                                101.0585077534267,
                                16.66456995454775
                            ],
                            [
                                101.05888263616326,
                                16.664566229521068
                            ],
                            [
                                101.05888650099666,
                                16.664927588502067
                            ],
                            [
                                101.05926138433978,
                                16.664923862712808
                            ],
                            [
                                101.05926524997167,
                                16.665285221595003
                            ],
                            [
                                101.05889036592599,
                                16.665288947469627
                            ],
                            [
                                101.0588942309513,
                                16.665650306423714
                            ],
                            [
                                101.05851934610716,
                                16.66565403170644
                            ],
                            [
                                101.05852321052583,
                                16.666015390732426
                            ],
                            [
                                101.05814832488325,
                                16.66601911542321
                            ],
                            [
                                101.05815605260317,
                                16.66674183360548
                            ],
                            [
                                101.05853093965091,
                                16.66673810874405
                            ],
                            [
                                101.05854639905212,
                                16.668183544605846
                            ],
                            [
                                101.05817150919384,
                                16.6681872698086
                            ],
                            [
                                101.05817537358126,
                                16.668548628825743
                            ],
                            [
                                101.0578004829244,
                                16.668552353436432
                            ],
                            [
                                101.05780434670503,
                                16.668913712525445
                            ],
                            [
                                101.05742945524959,
                                16.668917436544042
                            ],
                            [
                                101.05743331842343,
                                16.669278795704894
                            ],
                            [
                                101.0570584261694,
                                16.66928251913136
                            ],
                            [
                                101.05709319272295,
                                16.67253475174111
                            ],
                            [
                                101.05709705615264,
                                16.672896110852687
                            ],
                            [
                                101.05710478329964,
                                16.673618829035487
                            ],
                            [
                                101.05747968398755,
                                16.67361510458556
                            ],
                            [
                                101.05748354840777,
                                16.673976463571485
                            ],
                            [
                                101.05823335090184,
                                16.67396901246819
                            ],
                            [
                                101.058608252005,
                                16.673965285900092
                            ],
                            [
                                101.05860438547595,
                                16.673603927170138
                            ],
                            [
                                101.0593541859886,
                                16.673596472171802
                            ],
                            [
                                101.0593464504067,
                                16.67287375501294
                            ],
                            [
                                101.05972134911325,
                                16.672870026668118
                            ],
                            [
                                101.05971748076334,
                                16.67250866815388
                            ],
                            [
                                101.06346645551803,
                                16.672471348293712
                            ],
                            [
                                101.06346258023554,
                                16.67210999062068
                            ],
                            [
                                101.06421237262741,
                                16.672102518689087
                            ],
                            [
                                101.06420849603539,
                                16.671741161173706
                            ],
                            [
                                101.06458339138422,
                                16.67173742427719
                            ],
                            [
                                101.06458726867905,
                                16.67209878170699
                            ],
                            [
                                101.06496216463451,
                                16.672095044047346
                            ],
                            [
                                101.0649660427284,
                                16.67245640137808
                            ],
                            [
                                101.0657158357563,
                                16.672448923854954
                            ],
                            [
                                101.06571971535217,
                                16.672810281000977
                            ],
                            [
                                101.0675941997513,
                                16.67279157490769
                            ],
                            [
                                101.0675903166411,
                                16.672430218190044
                            ],
                            [
                                101.0687150040159,
                                16.67241898666055
                            ],
                            [
                                101.06871111889352,
                                16.67205763018665
                            ],
                            [
                                101.07058559240903,
                                16.672038897848964
                            ],
                            [
                                101.07058170386892,
                                16.671677541790604
                            ],
                            [
                                101.07095659757981,
                                16.671673793376335
                            ],
                            [
                                101.07095270843338,
                                16.67131243739035
                            ],
                            [
                                101.07170249416001,
                                16.67130493870103
                            ],
                            [
                                101.07169860370452,
                                16.67094358287332
                            ],
                            [
                                101.07094881938346,
                                16.6709510813909
                            ]
                        ],
                        [
                            [
                                101.05852707504042,
                                16.66637674974497
                            ],
                            [
                                101.05890196128965,
                                16.666373024291566
                            ],
                            [
                                101.05890582660275,
                                16.6667343832053
                            ],
                            [
                                101.05853093965091,
                                16.66673810874405
                            ],
                            [
                                101.05852707504042,
                                16.66637674974497
                            ]
                        ],
                        [
                            [
                                101.05934258275968,
                                16.67251239641332
                            ],
                            [
                                101.05933871520865,
                                16.672151037800244
                            ],
                            [
                                101.05896381781187,
                                16.672154765296757
                            ],
                            [
                                101.05897155160416,
                                16.672877482680178
                            ],
                            [
                                101.05859665270569,
                                16.672881209669843
                            ],
                            [
                                101.05859278646446,
                                16.672519850899512
                            ],
                            [
                                101.05784298978548,
                                16.672527302675444
                            ],
                            [
                                101.05783912504593,
                                16.672165943720994
                            ],
                            [
                                101.05746422726546,
                                16.672169668507305
                            ],
                            [
                                101.0574564994797,
                                16.67144695038744
                            ],
                            [
                                101.05820629213336,
                                16.671439500478503
                            ],
                            [
                                101.05820242697867,
                                16.67107814156901
                            ],
                            [
                                101.05895221784304,
                                16.67107068912068
                            ],
                            [
                                101.05894835137867,
                                16.670709330368403
                            ],
                            [
                                101.05969814045369,
                                16.670701875380814
                            ],
                            [
                                101.0596942726797,
                                16.670340516785824
                            ],
                            [
                                101.06006916637047,
                                16.670336788361197
                            ],
                            [
                                101.06008464085352,
                                16.67178222231882
                            ],
                            [
                                101.05970974435152,
                                16.671785951085027
                            ],
                            [
                                101.05971748076334,
                                16.67250866815388
                            ],
                            [
                                101.05934258275968,
                                16.67251239641332
                            ]
                        ],
                        [
                            [
                                101.0581792380646,
                                16.66890998782943
                            ],
                            [
                                101.05855412932823,
                                16.66890626245602
                            ],
                            [
                                101.05855799461018,
                                16.66926762136092
                            ],
                            [
                                101.05818310264382,
                                16.669271346819666
                            ],
                            [
                                101.0581792380646,
                                16.66890998782943
                            ]
                        ],
                        [
                            [
                                101.05965560021856,
                                16.66672693009586
                            ],
                            [
                                101.06003048688254,
                                16.666723202525166
                            ],
                            [
                                101.06003435439935,
                                16.667084561169315
                            ],
                            [
                                101.0596594670328,
                                16.667088288825404
                            ],
                            [
                                101.05965560021856,
                                16.66672693009586
                            ]
                        ]
                    ],
                    [
                        [
                            [
                                101.05843821547072,
                                16.65806548905342
                            ],
                            [
                                101.05881308556525,
                                16.658061765562863
                            ],
                            [
                                101.05881694867203,
                                16.658423124785973
                            ],
                            [
                                101.06031643089963,
                                16.658408223712836
                            ],
                            [
                                101.06032416301863,
                                16.65913094143569
                            ],
                            [
                                101.06144877789475,
                                16.65911975801022
                            ],
                            [
                                101.0614449096806,
                                16.658758399411813
                            ],
                            [
                                101.06181978041172,
                                16.658754670334815
                            ],
                            [
                                101.0618275183405,
                                16.659477387347252
                            ],
                            [
                                101.06257726232339,
                                16.659469926820414
                            ],
                            [
                                101.06256565136107,
                                16.658385851794495
                            ],
                            [
                                101.0621907815243,
                                16.658389582139932
                            ],
                            [
                                101.06218691209789,
                                16.65802822368556
                            ],
                            [
                                101.0618120428672,
                                16.65803195326858
                            ],
                            [
                                101.06180430570689,
                                16.65730923614854
                            ],
                            [
                                101.06142943778445,
                                16.657312964883683
                            ],
                            [
                                101.06142557005053,
                                16.656951606218026
                            ],
                            [
                                101.06142196669546,
                                16.656614940131472
                            ],
                            [
                                101.0584285737664,
                                16.657163390119386
                            ],
                            [
                                101.05843821547072,
                                16.65806548905342
                            ]
                        ]
                    ],
                    [
                        [
                            [
                                101.05895995105966,
                                16.67179340658485
                            ],
                            [
                                101.05858505426978,
                                16.671797133318464
                            ],
                            [
                                101.05858892031915,
                                16.672158492115713
                            ],
                            [
                                101.05896381781187,
                                16.672154765296757
                            ],
                            [
                                101.05895995105966,
                                16.67179340658485
                            ]
                        ]
                    ],
                    [
                        [
                            [
                                101.06145264620494,
                                16.659481116595177
                            ],
                            [
                                101.06145651461115,
                                16.65984247516668
                            ],
                            [
                                101.06108164167732,
                                16.659846203823054
                            ],
                            [
                                101.06108550947731,
                                16.66020756246656
                            ],
                            [
                                101.06183525665348,
                                16.660200104305883
                            ],
                            [
                                101.0618275183405,
                                16.659477387347252
                            ],
                            [
                                101.06145264620494,
                                16.659481116595177
                            ]
                        ]
                    ],
                    [
                        [
                            [
                                101.06258887415058,
                                16.66055400172526
                            ],
                            [
                                101.06333862196267,
                                16.660546537977325
                            ],
                            [
                                101.06332700592192,
                                16.659462463585584
                            ],
                            [
                                101.06257726232339,
                                16.659469926820414
                            ],
                            [
                                101.06258887415058,
                                16.66055400172526
                            ]
                        ]
                    ],
                    [
                        [
                            [
                                101.06264307411323,
                                16.66561301634692
                            ],
                            [
                                101.06265081850272,
                                16.666335732506163
                            ],
                            [
                                101.06302570369569,
                                16.66633199960251
                            ],
                            [
                                101.06340058879256,
                                16.66632826602156
                            ],
                            [
                                101.06339284159286,
                                16.66560555020441
                            ],
                            [
                                101.06301795790111,
                                16.665609283614298
                            ],
                            [
                                101.06264307411323,
                                16.66561301634692
                            ]
                        ]
                    ],
                    [
                        [
                            [
                                101.06365007284732,
                                16.656206676630884
                            ],
                            [
                                101.0636670283262,
                                16.656206507820894
                            ],
                            [
                                101.06366699690818,
                                16.656203575481086
                            ],
                            [
                                101.06365007284732,
                                16.656206676630884
                            ]
                        ]
                    ],
                    [
                        [
                            [
                                101.07124593680669,
                                16.66372021137122
                            ],
                            [
                                101.07124982462912,
                                16.66408156755411
                            ],
                            [
                                101.07087494576994,
                                16.66408531484286
                            ],
                            [
                                101.07087883298642,
                                16.664446671098144
                            ],
                            [
                                101.0708827202994,
                                16.66480802733996
                            ],
                            [
                                101.0705078399388,
                                16.66481177412321
                            ],
                            [
                                101.0705039533283,
                                16.664450417795553
                            ],
                            [
                                101.07012907357372,
                                16.66445416381576
                            ],
                            [
                                101.07013684548622,
                                16.66517687662926
                            ],
                            [
                                101.07051172664576,
                                16.665173130437406
                            ],
                            [
                                101.0705156134492,
                                16.665534486738146
                            ],
                            [
                                101.07164025845644,
                                16.665523243841626
                            ],
                            [
                                101.07163636954552,
                                16.665161887798455
                            ],
                            [
                                101.07194948965076,
                                16.665158756566356
                            ],
                            [
                                101.0716641905156,
                                16.663716029795097
                            ],
                            [
                                101.07124593680669,
                                16.66372021137122
                            ]
                        ]
                    ],
                    [
                        [
                            [
                                101.07168304284795,
                                16.669498159427786
                            ],
                            [
                                101.07130815354665,
                                16.66950190868181
                            ],
                            [
                                101.07131593237642,
                                16.670224620603264
                            ],
                            [
                                101.07169082308316,
                                16.670220871177484
                            ],
                            [
                                101.07168304284795,
                                16.669498159427786
                            ]
                        ]
                    ],
                    [
                        [
                            [
                                101.07169860370452,
                                16.67094358287332
                            ],
                            [
                                101.07244838763941,
                                16.67093608164584
                            ],
                            [
                                101.0724561714581,
                                16.6716587929442
                            ],
                            [
                                101.07208127813333,
                                16.671662544068496
                            ],
                            [
                                101.07208906093267,
                                16.672385255484794
                            ],
                            [
                                101.0728388502969,
                                16.67237775221504
                            ],
                            [
                                101.07282717202584,
                                16.67129368558588
                            ],
                            [
                                101.07281938699475,
                                16.67057097443243
                            ],
                            [
                                101.07301941074006,
                                16.670568972512676
                            ],
                            [
                                101.0728078423323,
                                16.66949917765817
                            ],
                            [
                                101.0728154946241,
                                16.6702096188355
                            ],
                            [
                                101.07169082308316,
                                16.670220871177484
                            ],
                            [
                                101.07169860370452,
                                16.67094358287332
                            ]
                        ]
                    ],
                    [
                        [
                            [
                                101.07241725622755,
                                16.668045235913684
                            ],
                            [
                                101.07242114731606,
                                16.668406591677336
                            ],
                            [
                                101.0712964860259,
                                16.668417840698627
                            ],
                            [
                                101.07130037510298,
                                16.668779196706488
                            ],
                            [
                                101.0716752629989,
                                16.668775447624217
                            ],
                            [
                                101.07167915287515,
                                16.669136803532737
                            ],
                            [
                                101.07205404137723,
                                16.669133053687187
                            ],
                            [
                                101.07205793205272,
                                16.669494409496348
                            ],
                            [
                                101.07280542028978,
                                16.669486930516765
                            ],
                            [
                                101.0725201045372,
                                16.668044206927313
                            ],
                            [
                                101.07241725622755,
                                16.668045235913684
                            ]
                        ]
                    ]
                ]
            }
        ]
    }
]